{"1": [39375.860078915546, 34923.44986335529], "2": [76716.90416390114, 59815.717345763675], "3": [89118.55996666614, 66311.39074603183], "4": [69924.20433202894, 55883.46001875424], "5": [39675.96204361759, 35155.42537353387], "6": [16985.826924230558, 16157.296513782503], "7": [5643.449017645179, 5551.990475091973], "8": [1483.6170522529567, 1477.2961554932504], "9": [312.79780139758947, 312.5168297824765], "10": [53.375991275489014, 53.36780988782561], "11": [7.41462658780752, 7.414468712709706], "12": [0.8410055063481038, 0.8410034752413845], "13": [0.07792649977851888, 0.07792648234016836], "14": [0.005886971356911155, 0.005886971257389197], "15": [0.000360940508241245, 0.00036094050786712896], "16": [1.782563613035323e-05, 1.7825636129440745e-05], "17": [7.012370592554538e-07, 7.012370592540417e-07], "18": [2.1624717493410227e-08, 2.1624717493408884e-08], "19": [5.109804899071793e-10, 5.109804899071786e-10], "20": [8.950256644409812e-12, 8.950256644409812e-12], "21": [1.1050812349490646e-13, 1.1050812349490646e-13], "22": [8.859337871516564e-16, 8.859337871516564e-16], "23": [3.9670801623365564e-18, 3.9670801623365564e-18], "24": [7.199206194144114e-21, 7.199206194144114e-21], "25": [4.87380052588187e-24, 4.87380052588187e-24], "26": [8.594804171604625e-28, 8.594804171604625e-28], "27": [0.0, 0.0], "28": [0.0, 0.0], "29": [0.0, 0.0], "0": 0.02564433979655356}