,ERCC pseudo-counts,var,Experiments
MV411-DMSO_coculture_12h,0.2858014413967712,0.042544170285098735,MV411-DMSO_coculture_12h
MV411-VHL_coculture_12h,0.27065517304449116,0.032586241776154684,MV411-VHL_coculture_12h
MV411-MYB-dTAG-DMSO_coculture_12h,0.25907561021281117,0.04828196291568034,MV411-MYB-dTAG-DMSO_coculture_12h
MV411-MYB-dTAG-VHL_coculture_12h,0.3102531161060759,0.06455513754649658,MV411-MYB-dTAG-VHL_coculture_12h
