,ERCC pseudo-counts,var,Experiments
DMSO,0.26861484641332484,0.01671331524086299,DMSO
Mebendazole,0.2654623362278422,0.01637471986828456,Mebendazole
