{"1": 0.005032807424296794, "2": 0.02297640050700861, "3": 0.06470226415043559, "4": 0.12610678007509307, "5": 0.18097971374176652, "6": 0.19869988760094182, "7": 0.17122820935505492, "8": 0.11793638799854443, "9": 0.06579809952297819, "10": 0.030035945645852154, "11": 0.011304752759515022, "12": 0.0035285386710629638, "13": 0.0009172663713134199, "14": 0.00019916940326886157, "15": 3.6180822988804055e-05, "16": 5.5006214332638385e-06, "17": 6.991909064429613e-07, "18": 7.412730497037484e-08, "19": 6.528275658542254e-09, "20": 4.747451795627865e-10, "21": 2.8271017689398933e-11, "22": 1.3630119147771046e-12, "23": 5.2386458218342365e-14, "24": 1.5713120886308772e-15, "25": 3.569215083778151e-17, "26": 5.872285400618363e-19, "27": 6.516787811591233e-21, "28": 4.2836471072838315e-23, "29": 1.221142287608126e-25, "0": 0.0005113149775254344}