{"48hMEF2CMEF2D": [-0.309700394158224, 0.743171102607337], "72hMEF2CMEF2D": [-0.15950996757923, 0.801485838199572]}