{"1": 3.564197291299719, "2": 5.947767094926423, "3": 6.193912229381676, "4": 4.526211082329878, "5": 2.474013034404779, "6": 1.0527317472780933, "7": 0.35829715644081034, "8": 0.09943938818272037, "9": 0.022825381481644175, "10": 0.004379413021252811, "11": 0.00070792759386874, "12": 9.697816157595999e-05, "13": 1.130513900179171e-05, "14": 1.1245418897924897e-06, "15": 9.558680206339548e-08, "16": 6.944613188988552e-09, "17": 4.308465164466324e-10, "18": 2.2776987855529827e-11, "19": 1.0225495417396802e-12, "20": 3.879502794987101e-14, "21": 1.235755790273511e-15, "22": 3.2767005948973246e-17, "23": 7.152743413724904e-19, "24": 1.2670744860664492e-20, "25": 1.7876238259716017e-22, "26": 1.959177088958401e-24, "27": 1.6123818958693174e-26, "28": 9.500138862026422e-29, "29": 3.736153334366771e-31}