{"1": 0.003660269620512558, "2": 0.017898808345105828, "3": 0.05381942167219224, "4": 0.11167199266424886, "5": 0.170138207480163, "6": 0.197781447755259, "7": 0.1800085803150446, "8": 0.13063465638404917, "9": 0.07661238546795357, "10": 0.036674065476786, "11": 0.014437198170079164, "12": 0.004699335187445364, "13": 0.0012695119149129018, "14": 0.0002852489780729555, "15": 5.334486406472451e-05, "16": 8.296415912195261e-06, "17": 1.070511432871198e-06, "18": 1.1413935373667877e-07, "19": 9.996238077404682e-09, "20": 7.132521297885352e-10, "21": 4.101434633501328e-11, "22": 1.873847025454158e-12, "23": 6.676609528894293e-14, "24": 1.8102345046113833e-15, "25": 3.6128629804475754e-17, "26": 5.068938665129323e-19, "27": 4.6306887477173e-21, "28": 2.6452798550298082e-23, "0": 0.00034603388496456944}