{"1": 0.0034542478858374174, "2": 0.016799840637465497, "3": 0.05054357458003081, "4": 0.10559300572945712, "5": 0.1630351712246276, "6": 0.1933630069232242, "7": 0.18079687778502024, "8": 0.1357493757071398, "9": 0.0829656698896354, "10": 0.041695686690385356, "11": 0.01736425937375466, "12": 0.0060268532598878235, "13": 0.0017506064490533245, "14": 0.00042669980897241716, "15": 8.739402569704541e-05, "16": 1.5041092275001195e-05, "17": 2.1723527967605806e-06, "18": 2.6254331218510266e-07, "19": 2.6431571471203337e-08, "20": 2.2022244418901708e-09, "21": 1.504929122687161e-10, "22": 8.333310003964305e-12, "23": 3.678390419537969e-13, "24": 1.2656744335572683e-14, "25": 3.289716455900973e-16, "26": 6.166822521819452e-18, "27": 7.745706607330446e-20, "28": 5.703340258960438e-22, "29": 1.789769465117666e-24, "0": 0.0003302252484244095}