{"1": 0.004558218444624522, "2": 0.023785082791198977, "3": 0.07068444391385476, "4": 0.13874639923552978, "5": 0.19458506466378186, "6": 0.20452912579275684, "7": 0.16630752511841765, "8": 0.10695558648481258, "9": 0.055285856101007266, "10": 0.023244634313076565, "11": 0.008020390474254494, "12": 0.0022860355108588267, "13": 0.0005407550495138055, "14": 0.00010647167693892902, "15": 1.7474036906681655e-05, "16": 2.3901559522072223e-06, "17": 2.720193672549309e-07, "18": 2.567109596877099e-08, "19": 1.998286903966813e-09, "20": 1.2733711680465792e-10, "21": 6.574156789122209e-12, "22": 2.711819026774239e-13, "23": 8.771464964753422e-15, "24": 2.1685709718653864e-16, "25": 3.954053721609603e-18, "26": 5.04728624897808e-20, "27": 4.159956071827347e-22, "28": 1.925645359471699e-24, "29": 3.703124669075035e-27, "0": 0.00034424641357277963}