{"SP1": [0.6198445770293232, 0.15314195934159397], "ZMYND8": [0.46408479324116186, 0.1126995866321901], "RUNX1RUNX2": [-1.633125218121331, 0.11588749953239154], "MEF2D": [0.38149565170089766, 0.15076502757367818], "RUNX2": [-0.38186183244456773, 0.1327256901233748], "RUNX1": [-0.578551857091915, 0.15603262385439595], "MEF2C": [0.24567583041759924, 0.10992959107561562]}