{"RUNX1": [0.013627339651964025, 0.1356890688647267], "MYC": [-1.430576835252246, 0.10549660323839703], "RUNX2": [-0.21771114300468575, 0.12354032980074721], "LYL1": [0.11547676609947306, 0.09762554626023551], "IKZF1": [0.26488156665796003, 0.11936483909099824], "MEIS1": [0.20823559991440868, 0.16460447494728012], "FLI1": [0.2669788365781275, 0.08613995212995244], "ELF2": [0.18835876643089494, 0.10013191844645487], "MYBL2": [0.4145378723566837, 0.10998698893732116], "IRF2BP2": [-1.2421436514123199, 0.2116786922337], "ZEB2": [-0.1701758517854591, 0.1445402147201962], "MYB": [-0.5666496866194601, 0.16455438308564643], "HOXA9": [0.41862648305962474, 0.14490862380188851], "SP1": [-0.9074679568707595, 0.26590656079563213], "CEBPA": [0.04728101063315868, 0.22445160295741662], "ZMYND8": [0.05464554271508272, 0.1512365231509835], "MAX": [-0.6875484167700773, 0.11182951672314183], "MEF2C": [0.21633221486591706, 0.16009568270385865], "SPI1": [-1.2741653425093569, 0.2595628445427471], "LMO2": [0.2066036480588095, 0.10530622574043316], "MEF2D": [-0.08897607523943744, 0.12817467579731256], "GFI1": [0.061434499699685764, 0.11065088877815657], "IRF8": [0.08350447764203282, 0.11069908626789565]}