{"MEF2C": [0.04989367974410516, 0.16698663180329454], "MEF2DMEF2C": [-0.5506408023940115, 0.21362493234859933], "MEF2D": [-0.051308757706378855, 0.2387244144275197], "RUNX1RUNX2": [-0.852140661115157, 0.38022963159611833], "RUNX2": [0.521704375188756, 0.17896596925473016], "MYB": [-0.7122296719896822, 0.2486745664183415], "RUNX1": [0.3051544864575352, 0.2211841408770733], "ZMYND8": [-0.10946272088853815, 0.19149862481005325]}